"","Subject","Level","Block","Trial","Condition","TrialType","EventType","EventTime","SoundID","AnimationID","MovDir","Congruency","Response","Correctness"
"1",16,1,NA,NA,"1",NA,1,0.2066741,NA,NA,NA,NA,NA,NA
"2",16,1,1,NA,"1",1,1,4.174032,NA,NA,NA,NA,NA,NA
"3",16,1,1,NA,"1",1,2,5.209424,3,NA,NA,NA,NA,NA
"4",16,1,1,NA,"1",1,2,6.244939,4,NA,NA,NA,NA,NA
"5",16,1,1,NA,"1",1,2,7.864155,1,NA,NA,NA,NA,NA
"6",16,1,1,NA,"1",1,2,9.567793,4,NA,NA,NA,NA,NA
"7",16,1,1,NA,"1",1,2,10.65293,7,NA,NA,NA,NA,NA
"8",16,1,1,NA,"1",1,2,12.15527,4,NA,NA,NA,NA,NA
"9",16,1,1,NA,"1",1,2,13.19134,3,NA,NA,NA,NA,NA
"10",16,1,1,NA,"1",1,2,14.49284,4,NA,NA,NA,NA,NA
"11",16,1,1,NA,"1",1,2,16.31283,3,NA,NA,NA,NA,NA
"12",16,1,1,NA,"1",1,2,18.38341,1,NA,NA,NA,NA,NA
"13",16,1,1,NA,"1",1,2,20.52066,2,NA,NA,NA,NA,NA
"14",16,1,1,NA,"1",1,2,21.77307,4,NA,NA,NA,NA,NA
"15",16,1,1,NA,"1",1,2,22.8083,3,NA,NA,NA,NA,NA
"16",16,1,1,NA,"1",1,1,24.19503,NA,NA,NA,NA,NA,NA
"17",16,1,1,1,"1",2,1,25.21735,NA,NA,NA,NA,NA,NA
"18",16,1,1,1,"1",2,3,26.23062,6,24,8,0,NA,NA
"19",16,1,1,1,"1",2,1,26.23462,NA,NA,NA,NA,NA,NA
"20",16,1,1,1,"1",2,4,28.36343,6,24,8,0,0,TRUE
"21",16,1,1,2,"1",2,1,28.74302,NA,NA,NA,NA,NA,NA
"22",16,1,1,2,"1",2,3,29.75368,8,37,2,0,NA,NA
"23",16,1,1,2,"1",2,1,29.75637,NA,NA,NA,NA,NA,NA
"24",16,1,1,2,"1",2,4,31.38275,8,37,2,0,0,TRUE
"25",16,1,1,3,"1",2,1,32.26443,NA,NA,NA,NA,NA,NA
"26",16,1,1,3,"1",2,3,33.27675,4,2,4,1,NA,NA
"27",16,1,1,3,"1",2,1,33.28003,NA,NA,NA,NA,NA,NA
"28",16,1,1,3,"1",2,4,34.8974,4,2,4,1,1,TRUE
"29",16,1,2,NA,"1",1,1,40.57341,NA,NA,NA,NA,NA,NA
"30",16,1,2,NA,"1",1,2,41.54195,2,NA,NA,NA,NA,NA
"31",16,1,2,NA,"1",1,2,42.57762,1,NA,NA,NA,NA,NA
"32",16,1,2,NA,"1",1,2,43.96328,3,NA,NA,NA,NA,NA
"33",16,1,2,NA,"1",1,2,45.35876,4,NA,NA,NA,NA,NA
"34",16,1,2,NA,"1",1,2,46.95172,3,NA,NA,NA,NA,NA
"35",16,1,2,NA,"1",1,2,48.07041,4,NA,NA,NA,NA,NA
"36",16,1,2,NA,"1",1,2,49.10623,1,NA,NA,NA,NA,NA
"37",16,1,2,NA,"1",1,2,50.22436,2,NA,NA,NA,NA,NA
"38",16,1,2,NA,"1",1,2,51.26108,1,NA,NA,NA,NA,NA
"39",16,1,2,NA,"1",1,2,52.29533,2,NA,NA,NA,NA,NA
"40",16,1,2,NA,"1",1,2,53.93106,3,NA,NA,NA,NA,NA
"41",16,1,2,NA,"1",1,2,54.96657,4,NA,NA,NA,NA,NA
"42",16,1,2,NA,"1",1,2,56.06855,5,NA,NA,NA,NA,NA
"43",16,1,2,NA,"1",1,2,57.10417,8,NA,NA,NA,NA,NA
"44",16,1,2,NA,"1",1,2,58.1393,5,NA,NA,NA,NA,NA
"45",16,1,2,NA,"1",1,2,59.27417,8,NA,NA,NA,NA,NA
"46",16,1,2,NA,"1",1,2,60.30958,3,NA,NA,NA,NA,NA
"47",16,1,2,NA,"1",1,1,61.348,NA,NA,NA,NA,NA,NA
"48",16,1,2,1,"1",2,1,62.36677,NA,NA,NA,NA,NA,NA
"49",16,1,2,1,"1",2,3,63.38138,1,40,1,1,NA,NA
"50",16,1,2,1,"1",2,1,63.38403,NA,NA,NA,NA,NA,NA
"51",16,1,2,1,"1",2,4,65.88489,1,40,1,1,NA,NA
"52",16,1,2,2,"1",2,1,65.89085,NA,NA,NA,NA,NA,NA
"53",16,1,2,2,"1",2,3,66.90452,2,30,3,0,NA,NA
"54",16,1,2,2,"1",2,1,66.90927,NA,NA,NA,NA,NA,NA
"55",16,1,2,2,"1",2,4,68.82799,2,30,3,0,0,TRUE
"56",16,1,2,3,"1",2,1,69.41948,NA,NA,NA,NA,NA,NA
"57",16,1,2,3,"1",2,3,70.42759,7,13,7,1,NA,NA
"58",16,1,2,3,"1",2,1,70.42998,NA,NA,NA,NA,NA,NA
"59",16,1,2,3,"1",2,4,72.15525,7,13,7,1,0,FALSE
"60",16,1,3,NA,"1",1,1,81.78156,NA,NA,NA,NA,NA,NA
"61",16,1,3,NA,"1",1,2,82.91736,2,NA,NA,NA,NA,NA
"62",16,1,3,NA,"1",1,2,83.95257,1,NA,NA,NA,NA,NA
"63",16,1,3,NA,"1",1,2,85.40488,7,NA,NA,NA,NA,NA
"64",16,1,3,NA,"1",1,2,86.44086,6,NA,NA,NA,NA,NA
"65",16,1,3,NA,"1",1,2,87.77587,7,NA,NA,NA,NA,NA
"66",16,1,3,NA,"1",1,2,88.81138,6,NA,NA,NA,NA,NA
"67",16,1,3,NA,"1",1,2,90.46404,3,NA,NA,NA,NA,NA
"68",16,1,3,NA,"1",1,2,91.61616,4,NA,NA,NA,NA,NA
"69",16,1,3,NA,"1",1,2,92.95191,3,NA,NA,NA,NA,NA
"70",16,1,3,NA,"1",1,2,94.05389,4,NA,NA,NA,NA,NA
"71",16,1,3,NA,"1",1,2,95.08958,7,NA,NA,NA,NA,NA
"72",16,1,3,NA,"1",1,2,96.12481,6,NA,NA,NA,NA,NA
"73",16,1,3,NA,"1",1,2,97.79404,2,NA,NA,NA,NA,NA
"74",16,1,3,NA,"1",1,2,98.82963,1,NA,NA,NA,NA,NA
"75",16,1,3,NA,"1",1,2,99.99798,2,NA,NA,NA,NA,NA
"76",16,1,3,NA,"1",1,2,101.0336,1,NA,NA,NA,NA,NA
"77",16,1,3,NA,"1",1,2,102.0687,3,NA,NA,NA,NA,NA
"78",16,1,3,NA,"1",1,1,103.0916,NA,NA,NA,NA,NA,NA
"79",16,1,3,1,"1",2,1,104.1087,NA,NA,NA,NA,NA,NA
"80",16,1,3,1,"1",2,3,105.1239,5,7,4,0,NA,NA
"81",16,1,3,1,"1",2,1,105.1261,NA,NA,NA,NA,NA,NA
"82",16,1,3,1,"1",2,4,106.7977,5,7,4,0,0,TRUE
"83",16,1,3,2,"1",2,1,107.6315,NA,NA,NA,NA,NA,NA
"84",16,1,3,2,"1",2,3,108.647,6,22,6,1,NA,NA
"85",16,1,3,2,"1",2,1,108.6491,NA,NA,NA,NA,NA,NA
"86",16,1,3,2,"1",2,4,110.5785,6,22,6,1,0,FALSE
"87",16,1,3,3,"1",2,1,111.1543,NA,NA,NA,NA,NA,NA
"88",16,1,3,3,"1",2,3,112.1699,4,35,7,0,NA,NA
"89",16,1,3,3,"1",2,1,112.1723,NA,NA,NA,NA,NA,NA
"90",16,1,3,3,"1",2,4,113.8745,4,35,7,0,0,TRUE
"91",16,1,4,NA,"1",1,1,122.1048,NA,NA,NA,NA,NA,NA
"92",16,1,4,NA,"1",1,2,124.4758,2,NA,NA,NA,NA,NA
"93",16,1,4,NA,"1",1,2,125.5113,1,NA,NA,NA,NA,NA
"94",16,1,4,NA,"1",1,2,126.8301,1,NA,NA,NA,NA,NA
"95",16,1,4,NA,"1",1,2,128.7502,2,NA,NA,NA,NA,NA
"96",16,1,4,NA,"1",1,2,129.7859,1,NA,NA,NA,NA,NA
"97",16,1,4,NA,"1",1,2,130.8212,2,NA,NA,NA,NA,NA
"98",16,1,4,NA,"1",1,2,131.8565,1,NA,NA,NA,NA,NA
"99",16,1,4,NA,"1",1,2,132.9912,3,NA,NA,NA,NA,NA
"100",16,1,4,NA,"1",1,2,134.2602,3,NA,NA,NA,NA,NA
"101",16,1,4,NA,"1",1,2,135.2958,3,NA,NA,NA,NA,NA
"102",16,1,4,NA,"1",1,2,137.0486,4,NA,NA,NA,NA,NA
"103",16,1,4,NA,"1",1,2,138.1673,3,NA,NA,NA,NA,NA
"104",16,1,4,NA,"1",1,2,139.6366,4,NA,NA,NA,NA,NA
"105",16,1,4,NA,"1",1,2,140.989,2,NA,NA,NA,NA,NA
"106",16,1,4,NA,"1",1,2,142.0577,1,NA,NA,NA,NA,NA
"107",16,1,4,NA,"1",1,1,143.0957,NA,NA,NA,NA,NA,NA
"108",16,1,4,1,"1",2,1,144.1151,NA,NA,NA,NA,NA,NA
"109",16,1,4,1,"1",2,3,145.1298,3,39,3,1,NA,NA
"110",16,1,4,1,"1",2,1,145.1321,NA,NA,NA,NA,NA,NA
"111",16,1,4,1,"1",2,4,146.808,3,39,3,1,1,TRUE
"112",16,1,4,2,"1",2,1,147.6376,NA,NA,NA,NA,NA,NA
"113",16,1,4,2,"1",2,3,148.6529,8,3,8,1,NA,NA
"114",16,1,4,2,"1",2,1,148.6551,NA,NA,NA,NA,NA,NA
"115",16,1,4,2,"1",2,4,150.4166,8,3,8,1,1,TRUE
"116",16,1,4,3,"1",2,1,151.1594,NA,NA,NA,NA,NA,NA
"117",16,1,4,3,"1",2,3,152.1759,2,29,4,0,NA,NA
"118",16,1,4,3,"1",2,1,152.178,NA,NA,NA,NA,NA,NA
"119",16,1,4,3,"1",2,4,153.7442,2,29,4,0,0,TRUE
"120",16,1,5,NA,"1",1,1,159.1723,NA,NA,NA,NA,NA,NA
"121",16,1,5,NA,"1",1,2,161.3932,7,NA,NA,NA,NA,NA
"122",16,1,5,NA,"1",1,2,162.4284,6,NA,NA,NA,NA,NA
"123",16,1,5,NA,"1",1,2,163.497,6,NA,NA,NA,NA,NA
"124",16,1,5,NA,"1",1,2,164.6654,7,NA,NA,NA,NA,NA
"125",16,1,5,NA,"1",1,2,165.701,6,NA,NA,NA,NA,NA
"126",16,1,5,NA,"1",1,2,166.7361,7,NA,NA,NA,NA,NA
"127",16,1,5,NA,"1",1,2,167.7714,6,NA,NA,NA,NA,NA
"128",16,1,5,NA,"1",1,2,168.8066,7,NA,NA,NA,NA,NA
"129",16,1,5,NA,"1",1,2,169.875,8,NA,NA,NA,NA,NA
"130",16,1,5,NA,"1",1,2,170.9105,5,NA,NA,NA,NA,NA
"131",16,1,5,NA,"1",1,2,172.1624,8,NA,NA,NA,NA,NA
"132",16,1,5,NA,"1",1,2,173.198,5,NA,NA,NA,NA,NA
"133",16,1,5,NA,"1",1,2,174.3334,8,NA,NA,NA,NA,NA
"134",16,1,5,NA,"1",1,2,175.3694,5,NA,NA,NA,NA,NA
"135",16,1,5,NA,"1",1,2,176.5537,7,NA,NA,NA,NA,NA
"136",16,1,5,NA,"1",1,2,177.5892,6,NA,NA,NA,NA,NA
"137",16,1,5,NA,"1",1,2,178.6244,6,NA,NA,NA,NA,NA
"138",16,1,5,NA,"1",1,1,179.6633,NA,NA,NA,NA,NA,NA
"139",16,1,5,1,"1",2,1,180.6814,NA,NA,NA,NA,NA,NA
"140",16,1,5,1,"1",2,3,181.6962,3,39,3,1,NA,NA
"141",16,1,5,1,"1",2,1,181.6983,NA,NA,NA,NA,NA,NA
"142",16,1,5,1,"1",2,4,183.4057,3,39,3,1,1,TRUE
"143",16,1,5,2,"1",2,1,184.2034,NA,NA,NA,NA,NA,NA
"144",16,1,5,2,"1",2,3,185.2192,8,8,8,1,NA,NA
"145",16,1,5,2,"1",2,1,185.2214,NA,NA,NA,NA,NA,NA
"146",16,1,5,2,"1",2,4,187.5188,8,8,8,1,0,FALSE
"147",16,1,5,3,"1",2,1,187.7268,NA,NA,NA,NA,NA,NA
"148",16,1,5,3,"1",2,3,188.7424,7,32,2,0,NA,NA
"149",16,1,5,3,"1",2,1,188.7445,NA,NA,NA,NA,NA,NA
"150",16,1,5,3,"1",2,4,190.4642,7,32,2,0,0,TRUE
"151",16,1,6,NA,"1",1,1,195.5714,NA,NA,NA,NA,NA,NA
"152",16,1,6,NA,"1",1,2,196.7236,3,NA,NA,NA,NA,NA
"153",16,1,6,NA,"1",1,2,197.8256,4,NA,NA,NA,NA,NA
"154",16,1,6,NA,"1",1,2,199.6122,3,NA,NA,NA,NA,NA
"155",16,1,6,NA,"1",1,2,200.7142,4,NA,NA,NA,NA,NA
"156",16,1,6,NA,"1",1,2,202.1334,2,NA,NA,NA,NA,NA
"157",16,1,6,NA,"1",1,2,203.3022,1,NA,NA,NA,NA,NA
"158",16,1,6,NA,"1",1,2,204.471,4,NA,NA,NA,NA,NA
"159",16,1,6,NA,"1",1,2,205.5068,3,NA,NA,NA,NA,NA
"160",16,1,6,NA,"1",1,2,206.5417,2,NA,NA,NA,NA,NA
"161",16,1,6,NA,"1",1,2,207.5772,1,NA,NA,NA,NA,NA
"162",16,1,6,NA,"1",1,2,208.879,2,NA,NA,NA,NA,NA
"163",16,1,6,NA,"1",1,2,209.9977,1,NA,NA,NA,NA,NA
"164",16,1,6,NA,"1",1,2,211.0335,3,NA,NA,NA,NA,NA
"165",16,1,6,NA,"1",1,2,212.6525,4,NA,NA,NA,NA,NA
"166",16,1,6,NA,"1",1,2,214.2387,5,NA,NA,NA,NA,NA
"167",16,1,6,NA,"1",1,1,215.5922,NA,NA,NA,NA,NA,NA
"168",16,1,6,1,"1",2,1,216.6134,NA,NA,NA,NA,NA,NA
"169",16,1,6,1,"1",2,3,217.6281,5,17,5,1,NA,NA
"170",16,1,6,1,"1",2,1,217.6303,NA,NA,NA,NA,NA,NA
"171",16,1,6,1,"1",2,4,219.2556,5,17,5,1,1,TRUE
"172",16,1,6,2,"1",2,1,220.138,NA,NA,NA,NA,NA,NA
"173",16,1,6,2,"1",2,3,221.1511,4,11,4,1,NA,NA
"174",16,1,6,2,"1",2,1,221.1533,NA,NA,NA,NA,NA,NA
"175",16,1,6,2,"1",2,4,222.8545,4,11,4,1,1,TRUE
"176",16,1,6,3,"1",2,1,223.6585,NA,NA,NA,NA,NA,NA
"177",16,1,6,3,"1",2,3,224.6742,2,39,3,0,NA,NA
"178",16,1,6,3,"1",2,1,224.6764,NA,NA,NA,NA,NA,NA
"179",16,1,6,3,"1",2,4,226.4739,2,39,3,0,0,TRUE
"180",16,1,7,NA,"1",1,1,233.0228,NA,NA,NA,NA,NA,NA
"181",16,1,7,NA,"1",1,2,234.2584,2,NA,NA,NA,NA,NA
"182",16,1,7,NA,"1",1,2,235.294,1,NA,NA,NA,NA,NA
"183",16,1,7,NA,"1",1,2,237.4976,1,NA,NA,NA,NA,NA
"184",16,1,7,NA,"1",1,2,238.5331,2,NA,NA,NA,NA,NA
"185",16,1,7,NA,"1",1,2,239.5684,1,NA,NA,NA,NA,NA
"186",16,1,7,NA,"1",1,2,240.6036,2,NA,NA,NA,NA,NA
"187",16,1,7,NA,"1",1,2,241.672,3,NA,NA,NA,NA,NA
"188",16,1,7,NA,"1",1,2,242.7074,3,NA,NA,NA,NA,NA
"189",16,1,7,NA,"1",1,2,243.7426,3,NA,NA,NA,NA,NA
"190",16,1,7,NA,"1",1,2,245.6625,4,NA,NA,NA,NA,NA
"191",16,1,7,NA,"1",1,2,247.616,2,NA,NA,NA,NA,NA
"192",16,1,7,NA,"1",1,2,249.0018,1,NA,NA,NA,NA,NA
"193",16,1,7,NA,"1",1,2,250.7383,3,NA,NA,NA,NA,NA
"194",16,1,7,NA,"1",1,2,252.0073,4,NA,NA,NA,NA,NA
"195",16,1,7,NA,"1",1,1,253.0451,NA,NA,NA,NA,NA,NA
"196",16,1,7,1,"1",2,1,254.064,NA,NA,NA,NA,NA,NA
"197",16,1,7,1,"1",2,3,255.0794,4,24,8,0,NA,NA
"198",16,1,7,1,"1",2,1,255.0815,NA,NA,NA,NA,NA,NA
"199",16,1,7,1,"1",2,4,256.9761,4,24,8,0,0,TRUE
"200",16,1,7,2,"1",2,1,257.5886,NA,NA,NA,NA,NA,NA
"201",16,1,7,2,"1",2,3,258.6028,8,39,3,0,NA,NA
"202",16,1,7,2,"1",2,1,258.6063,NA,NA,NA,NA,NA,NA
"203",16,1,7,2,"1",2,4,260.2912,8,39,3,0,0,TRUE
"204",16,1,7,3,"1",2,1,261.1119,NA,NA,NA,NA,NA,NA
"205",16,1,7,3,"1",2,3,262.1256,2,21,2,1,NA,NA
"206",16,1,7,3,"1",2,1,262.1277,NA,NA,NA,NA,NA,NA
"207",16,1,7,3,"1",2,4,264.2196,2,21,2,1,1,TRUE
"208",16,1,NA,NA,"1",NA,1,2.313432,NA,NA,NA,NA,NA,NA
"209",16,1,1,NA,"1",1,1,5.795854,NA,NA,NA,NA,NA,NA
"210",16,1,1,NA,"1",1,2,9.936836,2,NA,NA,NA,NA,NA
"211",16,1,1,NA,"1",1,2,11.62315,6,NA,NA,NA,NA,NA
"212",16,1,1,NA,"1",1,2,11.6411,3,NA,NA,NA,NA,NA
"213",16,1,1,NA,"1",1,2,13.04293,2,NA,NA,NA,NA,NA
"214",16,1,1,NA,"1",1,2,14.41192,1,NA,NA,NA,NA,NA
"215",16,1,1,NA,"1",1,2,15.84757,2,NA,NA,NA,NA,NA
"216",16,1,1,NA,"1",1,2,17.16654,1,NA,NA,NA,NA,NA
"217",16,1,1,NA,"1",1,2,21.80835,1,NA,NA,NA,NA,NA
"218",16,1,1,NA,"1",1,2,22.74332,2,NA,NA,NA,NA,NA
"219",16,1,1,NA,"1",1,2,23.92883,1,NA,NA,NA,NA,NA
"220",16,1,1,NA,"1",1,2,24.73066,2,NA,NA,NA,NA,NA
"221",16,1,1,NA,"1",1,2,25.78247,4,NA,NA,NA,NA,NA
"222",16,1,1,NA,"1",1,1,25.81542,NA,NA,NA,NA,NA,NA
"223",16,1,1,NA,"1",2,1,26.31931,NA,NA,NA,NA,NA,NA
"224",16,1,1,1,"1",2,3,27.33487,4,30,3,0,NA,NA
"225",16,1,1,1,"1",2,1,27.33792,NA,NA,NA,NA,NA,NA
"226",16,1,1,1,"1",2,4,28.99079,4,30,3,0,0,TRUE
"227",16,1,1,2,"1",2,3,30.85793,3,6,6,0,NA,NA
"228",16,1,1,2,"1",2,1,30.86063,NA,NA,NA,NA,NA,NA
"229",16,1,1,2,"1",2,4,33.18944,3,6,6,0,0,TRUE
"230",16,1,1,3,"1",2,3,34.381,8,16,8,1,NA,NA
"231",16,1,1,3,"1",2,1,34.3842,NA,NA,NA,NA,NA,NA
"232",16,1,1,3,"1",2,4,36.434,8,16,8,1,1,TRUE
"233",16,1,1,4,"1",2,3,37.90403,2,1,2,1,NA,NA
"234",16,1,1,4,"1",2,1,37.90674,NA,NA,NA,NA,NA,NA
"235",16,1,1,4,"1",2,4,39.59369,2,1,2,1,1,TRUE
"236",16,1,1,5,"1",2,3,41.42716,5,25,5,1,NA,NA
"237",16,1,1,5,"1",2,1,41.43199,NA,NA,NA,NA,NA,NA
"238",16,1,1,5,"1",2,4,43.33558,5,25,5,1,0,FALSE
"239",16,1,1,6,"1",2,3,44.95024,6,2,4,0,NA,NA
"240",16,1,1,6,"1",2,1,44.9527,NA,NA,NA,NA,NA,NA
"241",16,1,1,6,"1",2,4,47.18972,6,2,4,0,0,TRUE
"242",16,1,2,NA,"1",1,1,52.07993,NA,NA,NA,NA,NA,NA
"243",16,1,2,NA,"1",1,2,54.55125,5,NA,NA,NA,NA,NA
"244",16,1,2,NA,"1",1,2,55.95428,2,NA,NA,NA,NA,NA
"245",16,1,2,NA,"1",1,2,58.54167,4,NA,NA,NA,NA,NA
"246",16,1,2,NA,"1",1,2,58.55945,3,NA,NA,NA,NA,NA
"247",16,1,2,NA,"1",1,2,61.68073,4,NA,NA,NA,NA,NA
"248",16,1,2,NA,"1",1,2,62.61572,3,NA,NA,NA,NA,NA
"249",16,1,2,NA,"1",1,2,63.818,4,NA,NA,NA,NA,NA
"250",16,1,2,NA,"1",1,2,65.50434,3,NA,NA,NA,NA,NA
"251",16,1,2,NA,"1",1,2,66.38962,4,NA,NA,NA,NA,NA
"252",16,1,2,NA,"1",1,2,67.32468,3,NA,NA,NA,NA,NA
"253",16,1,2,NA,"1",1,2,68.35984,1,NA,NA,NA,NA,NA
"254",16,1,2,NA,"1",1,2,69.16093,2,NA,NA,NA,NA,NA
"255",16,1,2,NA,"1",1,2,71.83266,6,NA,NA,NA,NA,NA
"256",16,1,2,NA,"1",1,2,71.84981,4,NA,NA,NA,NA,NA
"257",16,1,2,NA,"1",1,2,71.86581,3,NA,NA,NA,NA,NA
"258",16,1,2,NA,"1",1,1,72.09943,NA,NA,NA,NA,NA,NA
"259",16,1,2,NA,"1",2,1,72.60244,NA,NA,NA,NA,NA,NA
"260",16,1,2,1,"1",2,3,73.61886,4,11,4,1,NA,NA
"261",16,1,2,1,"1",2,1,73.62109,NA,NA,NA,NA,NA,NA
"262",16,1,2,1,"1",2,4,75.60527,4,11,4,1,0,FALSE
"263",16,1,2,2,"1",2,3,77.14203,1,24,8,0,NA,NA
"264",16,1,2,2,"1",2,1,77.14435,NA,NA,NA,NA,NA,NA
"265",16,1,2,2,"1",2,4,79.64665,1,24,8,0,NA,NA
"266",16,1,2,3,"1",2,3,80.66509,7,36,1,0,NA,NA
"267",16,1,2,3,"1",2,1,80.66746,NA,NA,NA,NA,NA,NA
"268",16,1,2,3,"1",2,4,82.11786,7,36,1,0,0,TRUE
"269",16,1,2,4,"1",2,3,84.18813,3,18,3,1,NA,NA
"270",16,1,2,4,"1",2,1,84.19049,NA,NA,NA,NA,NA,NA
"271",16,1,2,4,"1",2,4,85.92345,3,18,3,1,1,TRUE
"272",16,1,2,5,"1",2,3,87.71113,5,25,5,1,NA,NA
"273",16,1,2,5,"1",2,1,87.71339,NA,NA,NA,NA,NA,NA
"274",16,1,2,5,"1",2,4,89.47061,5,25,5,1,0,FALSE
"275",16,1,2,6,"1",2,3,91.23431,8,19,7,0,NA,NA
"276",16,1,2,6,"1",2,1,91.23682,NA,NA,NA,NA,NA,NA
"277",16,1,2,6,"1",2,4,93.74132,8,19,7,0,NA,NA
"278",16,1,3,NA,"1",1,1,98.36397,NA,NA,NA,NA,NA,NA
"279",16,1,3,NA,"1",1,2,99.69967,4,NA,NA,NA,NA,NA
"280",16,1,3,NA,"1",1,2,100.5346,3,NA,NA,NA,NA,NA
"281",16,1,3,NA,"1",1,2,101.7034,4,NA,NA,NA,NA,NA
"282",16,1,3,NA,"1",1,2,102.5716,3,NA,NA,NA,NA,NA
"283",16,1,3,NA,"1",1,2,103.6903,1,NA,NA,NA,NA,NA
"284",16,1,3,NA,"1",1,2,103.9575,4,NA,NA,NA,NA,NA
"285",16,1,3,NA,"1",1,2,103.9908,3,NA,NA,NA,NA,NA
"286",16,1,3,NA,"1",1,2,105.0261,2,NA,NA,NA,NA,NA
"287",16,1,3,NA,"1",1,2,105.9778,1,NA,NA,NA,NA,NA
"288",16,1,3,NA,"1",1,2,107.1132,2,NA,NA,NA,NA,NA
"289",16,1,3,NA,"1",1,2,108.8496,1,NA,NA,NA,NA,NA
"290",16,1,3,NA,"1",1,2,109.985,2,NA,NA,NA,NA,NA
"291",16,1,3,NA,"1",1,2,111.0703,4,NA,NA,NA,NA,NA
"292",16,1,3,NA,"1",1,2,112.4562,3,NA,NA,NA,NA,NA
"293",16,1,3,NA,"1",1,2,113.3245,6,NA,NA,NA,NA,NA
"294",16,1,3,NA,"1",1,2,114.4267,7,NA,NA,NA,NA,NA
"295",16,1,3,NA,"1",1,2,115.3782,6,NA,NA,NA,NA,NA
"296",16,1,3,NA,"1",1,2,116.2131,7,NA,NA,NA,NA,NA
"297",16,1,3,NA,"1",1,2,116.7807,4,NA,NA,NA,NA,NA
"298",16,1,3,NA,"1",1,2,117.315,3,NA,NA,NA,NA,NA
"299",16,1,3,NA,"1",1,1,118.3835,NA,NA,NA,NA,NA,NA
"300",16,1,3,NA,"1",2,1,118.8863,NA,NA,NA,NA,NA,NA
"301",16,1,3,1,"1",2,3,119.9029,6,4,1,0,NA,NA
"302",16,1,3,1,"1",2,1,119.9051,NA,NA,NA,NA,NA,NA
"303",16,1,3,1,"1",2,4,121.4881,6,4,1,0,0,TRUE
"304",16,1,3,2,"1",2,3,123.426,3,26,3,1,NA,NA
"305",16,1,3,2,"1",2,1,123.4282,NA,NA,NA,NA,NA,NA
"306",16,1,3,2,"1",2,4,125.0694,3,26,3,1,1,TRUE
"307",16,1,3,3,"1",2,3,126.949,8,24,8,1,NA,NA
"308",16,1,3,3,"1",2,1,126.9512,NA,NA,NA,NA,NA,NA
"309",16,1,3,3,"1",2,4,129.4242,8,24,8,1,0,FALSE
"310",16,1,3,4,"1",2,3,130.4722,4,10,6,0,NA,NA
"311",16,1,3,4,"1",2,1,130.4745,NA,NA,NA,NA,NA,NA
"312",16,1,3,4,"1",2,4,131.9988,4,10,6,0,1,FALSE
"313",16,1,3,5,"1",2,3,133.9952,5,33,5,1,NA,NA
"314",16,1,3,5,"1",2,1,133.9974,NA,NA,NA,NA,NA,NA
"315",16,1,3,5,"1",2,4,135.435,5,33,5,1,1,TRUE
"316",16,1,3,6,"1",2,3,137.5182,1,7,4,0,NA,NA
"317",16,1,3,6,"1",2,1,137.5204,NA,NA,NA,NA,NA,NA
"318",16,1,3,6,"1",2,4,139.3878,1,7,4,0,0,TRUE
"319",16,1,4,NA,"1",1,1,145.199,NA,NA,NA,NA,NA,NA
"320",16,1,4,NA,"1",1,2,146.7685,3,NA,NA,NA,NA,NA
"321",16,1,4,NA,"1",1,2,147.8037,3,NA,NA,NA,NA,NA
"322",16,1,4,NA,"1",1,2,147.904,3,NA,NA,NA,NA,NA
"323",16,1,4,NA,"1",1,2,149.4067,3,NA,NA,NA,NA,NA
"324",16,1,4,NA,"1",1,2,150.5754,3,NA,NA,NA,NA,NA
"325",16,1,4,NA,"1",1,2,150.6597,3,NA,NA,NA,NA,NA
"326",16,1,4,NA,"1",1,2,151.9947,3,NA,NA,NA,NA,NA
"327",16,1,4,NA,"1",1,2,153.1468,4,NA,NA,NA,NA,NA
"328",16,1,4,NA,"1",1,2,154.399,3,NA,NA,NA,NA,NA
"329",16,1,4,NA,"1",1,2,155.4676,4,NA,NA,NA,NA,NA
"330",16,1,4,NA,"1",1,2,156.9036,1,NA,NA,NA,NA,NA
"331",16,1,4,NA,"1",1,2,157.6717,2,NA,NA,NA,NA,NA
"332",16,1,4,NA,"1",1,2,158.423,1,NA,NA,NA,NA,NA
"333",16,1,4,NA,"1",1,2,159.4248,2,NA,NA,NA,NA,NA
"334",16,1,4,NA,"1",1,2,160.6604,3,NA,NA,NA,NA,NA
"335",16,1,4,NA,"1",1,2,161.3116,4,NA,NA,NA,NA,NA
"336",16,1,4,NA,"1",1,2,161.946,1,NA,NA,NA,NA,NA
"337",16,1,4,NA,"1",1,2,164.4339,2,NA,NA,NA,NA,NA
"338",16,1,4,NA,"1",1,1,165.2185,NA,NA,NA,NA,NA,NA
"339",16,1,4,NA,"1",2,1,165.7214,NA,NA,NA,NA,NA,NA
"340",16,1,4,1,"1",2,3,166.738,3,4,1,0,NA,NA
"341",16,1,4,1,"1",2,1,166.7402,NA,NA,NA,NA,NA,NA
"342",16,1,4,1,"1",2,4,168.2289,3,4,1,0,0,TRUE
"343",16,1,4,2,"1",2,3,170.2611,8,12,3,0,NA,NA
"344",16,1,4,2,"1",2,1,170.2633,NA,NA,NA,NA,NA,NA
"345",16,1,4,2,"1",2,4,172.7682,8,12,3,0,NA,NA
"346",16,1,4,3,"1",2,3,173.7841,1,8,8,0,NA,NA
"347",16,1,4,3,"1",2,1,173.7864,NA,NA,NA,NA,NA,NA
"348",16,1,4,3,"1",2,4,175.5829,1,8,8,0,0,TRUE
"349",16,1,4,4,"1",2,3,177.3072,7,35,7,1,NA,NA
"350",16,1,4,4,"1",2,1,177.3094,NA,NA,NA,NA,NA,NA
"351",16,1,4,4,"1",2,4,178.6969,7,35,7,1,1,TRUE
"352",16,1,4,5,"1",2,3,180.8303,6,10,6,1,NA,NA
"353",16,1,4,5,"1",2,1,180.8329,NA,NA,NA,NA,NA,NA
"354",16,1,4,5,"1",2,4,182.5555,6,10,6,1,0,FALSE
"355",16,1,4,6,"1",2,3,184.3533,5,38,5,1,NA,NA
"356",16,1,4,6,"1",2,1,184.3555,NA,NA,NA,NA,NA,NA
"357",16,1,4,6,"1",2,4,185.9341,5,38,5,1,1,TRUE
"358",16,1,5,NA,"1",1,1,191.55,NA,NA,NA,NA,NA,NA
"359",16,1,5,NA,"1",1,2,193.086,3,NA,NA,NA,NA,NA
"360",16,1,5,NA,"1",1,2,194.3549,4,NA,NA,NA,NA,NA
"361",16,1,5,NA,"1",1,2,195.3401,3,NA,NA,NA,NA,NA
"362",16,1,5,NA,"1",1,2,196.225,4,NA,NA,NA,NA,NA
"363",16,1,5,NA,"1",1,2,199.0635,3,NA,NA,NA,NA,NA
"364",16,1,5,NA,"1",1,2,199.415,4,NA,NA,NA,NA,NA
"365",16,1,5,NA,"1",1,2,200.1821,4,NA,NA,NA,NA,NA
"366",16,1,5,NA,"1",1,2,201.2174,3,NA,NA,NA,NA,NA
"367",16,1,5,NA,"1",1,2,202.5865,2,NA,NA,NA,NA,NA
"368",16,1,5,NA,"1",1,2,203.2043,1,NA,NA,NA,NA,NA
"369",16,1,5,NA,"1",1,2,204.0392,2,NA,NA,NA,NA,NA
"370",16,1,5,NA,"1",1,2,204.3398,1,NA,NA,NA,NA,NA
"371",16,1,5,NA,"1",1,2,204.6571,4,NA,NA,NA,NA,NA
"372",16,1,5,NA,"1",1,2,204.7411,3,NA,NA,NA,NA,NA
"373",16,1,5,NA,"1",1,2,205.4751,3,NA,NA,NA,NA,NA
"374",16,1,5,NA,"1",1,2,205.8264,4,NA,NA,NA,NA,NA
"375",16,1,5,NA,"1",1,2,206.261,2,NA,NA,NA,NA,NA
"376",16,1,5,NA,"1",1,2,206.5276,1,NA,NA,NA,NA,NA
"377",16,1,5,NA,"1",1,2,207.6124,7,NA,NA,NA,NA,NA
"378",16,1,5,NA,"1",1,2,208.4475,6,NA,NA,NA,NA,NA
"379",16,1,5,NA,"1",1,2,209.5993,7,NA,NA,NA,NA,NA
"380",16,1,5,NA,"1",1,2,210.3841,6,NA,NA,NA,NA,NA
"381",16,1,5,NA,"1",1,2,211.486,2,NA,NA,NA,NA,NA
"382",16,1,5,NA,"1",1,1,211.5698,NA,NA,NA,NA,NA,NA
"383",16,1,5,NA,"1",2,1,212.0895,NA,NA,NA,NA,NA,NA
"384",16,1,5,1,"1",2,3,213.1056,2,26,3,0,NA,NA
"385",16,1,5,1,"1",2,1,213.1082,NA,NA,NA,NA,NA,NA
"386",16,1,5,1,"1",2,4,214.4936,2,26,3,0,0,TRUE
"387",16,1,5,2,"1",2,3,216.6286,6,28,6,1,NA,NA
"388",16,1,5,2,"1",2,1,216.6308,NA,NA,NA,NA,NA,NA
"389",16,1,5,2,"1",2,4,218.1165,6,28,6,1,0,FALSE
"390",16,1,5,3,"1",2,3,220.1516,4,15,4,1,NA,NA
"391",16,1,5,3,"1",2,1,220.1538,NA,NA,NA,NA,NA,NA
"392",16,1,5,3,"1",2,4,222.2789,4,15,4,1,1,TRUE
"393",16,1,5,4,"1",2,3,223.6748,3,33,5,0,NA,NA
"394",16,1,5,4,"1",2,1,223.677,NA,NA,NA,NA,NA,NA
"395",16,1,5,4,"1",2,4,225.1542,3,33,5,0,0,TRUE
"396",16,1,5,5,"1",2,3,227.1978,5,37,2,0,NA,NA
"397",16,1,5,5,"1",2,1,227.2001,NA,NA,NA,NA,NA,NA
"398",16,1,5,5,"1",2,4,228.5723,5,37,2,0,1,FALSE
"399",16,1,5,6,"1",2,3,230.7208,1,9,1,1,NA,NA
"400",16,1,5,6,"1",2,1,230.723,NA,NA,NA,NA,NA,NA
"401",16,1,5,6,"1",2,4,232.1513,1,9,1,1,0,FALSE
"402",16,1,6,NA,"1",1,1,240.6723,NA,NA,NA,NA,NA,NA
"403",16,1,6,NA,"1",1,2,241.0397,1,NA,NA,NA,NA,NA
"404",16,1,6,NA,"1",1,2,242.3921,3,NA,NA,NA,NA,NA
"405",16,1,6,NA,"1",1,2,242.9432,4,NA,NA,NA,NA,NA
"406",16,1,6,NA,"1",1,2,243.8615,2,NA,NA,NA,NA,NA
"407",16,1,6,NA,"1",1,2,244.3624,1,NA,NA,NA,NA,NA
"408",16,1,6,NA,"1",1,2,245.5813,3,NA,NA,NA,NA,NA
"409",16,1,6,NA,"1",1,2,245.8993,4,NA,NA,NA,NA,NA
"410",16,1,6,NA,"1",1,2,246.4495,2,NA,NA,NA,NA,NA
"411",16,1,6,NA,"1",1,2,246.7179,1,NA,NA,NA,NA,NA
"412",16,1,6,NA,"1",1,2,247.7853,3,NA,NA,NA,NA,NA
"413",16,1,6,NA,"1",1,2,248.1204,4,NA,NA,NA,NA,NA
"414",16,1,6,NA,"1",1,2,248.7537,2,NA,NA,NA,NA,NA
"415",16,1,6,NA,"1",1,2,249.0376,1,NA,NA,NA,NA,NA
"416",16,1,6,NA,"1",1,2,251.1748,3,NA,NA,NA,NA,NA
"417",16,1,6,NA,"1",1,2,251.6267,4,NA,NA,NA,NA,NA
"418",16,1,6,NA,"1",1,2,252.2768,4,NA,NA,NA,NA,NA
"419",16,1,6,NA,"1",1,2,253.1951,2,NA,NA,NA,NA,NA
"420",16,1,6,NA,"1",1,2,253.4799,1,NA,NA,NA,NA,NA
"421",16,1,6,NA,"1",1,2,254.8652,7,NA,NA,NA,NA,NA
"422",16,1,6,NA,"1",1,2,255.6329,6,NA,NA,NA,NA,NA
"423",16,1,6,NA,"1",1,2,256.8851,2,NA,NA,NA,NA,NA
"424",16,1,6,NA,"1",1,2,257.2195,1,NA,NA,NA,NA,NA
"425",16,1,6,NA,"1",1,2,257.9872,7,NA,NA,NA,NA,NA
"426",16,1,6,NA,"1",1,2,258.5047,6,NA,NA,NA,NA,NA
"427",16,1,6,NA,"1",1,2,259.7738,5,NA,NA,NA,NA,NA
"428",16,1,6,NA,"1",1,2,260.2594,8,NA,NA,NA,NA,NA
"429",16,1,6,NA,"1",1,1,260.6919,NA,NA,NA,NA,NA,NA
"430",16,1,6,NA,"1",2,1,261.1947,NA,NA,NA,NA,NA,NA
"431",16,1,6,1,"1",2,3,262.2114,4,38,5,0,NA,NA
"432",16,1,6,1,"1",2,1,262.2137,NA,NA,NA,NA,NA,NA
"433",16,1,6,1,"1",2,4,263.856,4,38,5,0,0,TRUE
"434",16,1,6,2,"1",2,3,265.7345,3,39,3,1,NA,NA
"435",16,1,6,2,"1",2,1,265.7368,NA,NA,NA,NA,NA,NA
"436",16,1,6,2,"1",2,4,267.3226,3,39,3,1,1,TRUE
"437",16,1,6,3,"1",2,3,269.2409,7,2,4,0,NA,NA
"438",16,1,6,3,"1",2,1,269.2431,NA,NA,NA,NA,NA,NA
"439",16,1,6,3,"1",2,4,270.9418,7,2,4,0,0,TRUE
"440",16,1,6,4,"1",2,3,272.7639,1,27,1,1,NA,NA
"441",16,1,6,4,"1",2,1,272.7662,NA,NA,NA,NA,NA,NA
"442",16,1,6,4,"1",2,4,274.6549,1,27,1,1,1,TRUE
"443",16,1,6,5,"1",2,3,276.2869,5,19,7,0,NA,NA
"444",16,1,6,5,"1",2,1,276.2891,NA,NA,NA,NA,NA,NA
"445",16,1,6,5,"1",2,4,278.6306,5,19,7,0,0,TRUE
"446",16,1,6,6,"1",2,3,279.8101,8,3,8,1,NA,NA
"447",16,1,6,6,"1",2,1,279.8123,NA,NA,NA,NA,NA,NA
"448",16,1,6,6,"1",2,4,281.7349,8,3,8,1,1,TRUE
"449",16,1,7,NA,"1",1,1,287.5074,NA,NA,NA,NA,NA,NA
"450",16,1,7,NA,"1",1,2,287.8915,3,NA,NA,NA,NA,NA
"451",16,1,7,NA,"1",1,2,289.3942,3,NA,NA,NA,NA,NA
"452",16,1,7,NA,"1",1,2,289.8952,4,NA,NA,NA,NA,NA
"453",16,1,7,NA,"1",1,2,290.73,2,NA,NA,NA,NA,NA
"454",16,1,7,NA,"1",1,2,291.0311,1,NA,NA,NA,NA,NA
"455",16,1,7,NA,"1",1,2,292.3495,3,NA,NA,NA,NA,NA
"456",16,1,7,NA,"1",1,2,292.7002,4,NA,NA,NA,NA,NA
"457",16,1,7,NA,"1",1,2,293.535,2,NA,NA,NA,NA,NA
"458",16,1,7,NA,"1",1,2,293.8201,1,NA,NA,NA,NA,NA
"459",16,1,7,NA,"1",1,2,295.2715,7,NA,NA,NA,NA,NA
"460",16,1,7,NA,"1",1,2,295.6733,6,NA,NA,NA,NA,NA
"461",16,1,7,NA,"1",1,2,296.2734,7,NA,NA,NA,NA,NA
"462",16,1,7,NA,"1",1,2,296.7078,6,NA,NA,NA,NA,NA
"463",16,1,7,NA,"1",1,2,297.9097,5,NA,NA,NA,NA,NA
"464",16,1,7,NA,"1",1,2,298.277,8,NA,NA,NA,NA,NA
"465",16,1,7,NA,"1",1,2,298.9616,5,NA,NA,NA,NA,NA
"466",16,1,7,NA,"1",1,2,299.3969,8,NA,NA,NA,NA,NA
"467",16,1,7,NA,"1",1,2,300.0301,7,NA,NA,NA,NA,NA
"468",16,1,7,NA,"1",1,2,300.3647,6,NA,NA,NA,NA,NA
"469",16,1,7,NA,"1",1,2,301.0988,6,NA,NA,NA,NA,NA
"470",16,1,7,NA,"1",1,2,301.967,7,NA,NA,NA,NA,NA
"471",16,1,7,NA,"1",1,2,302.3179,6,NA,NA,NA,NA,NA
"472",16,1,7,NA,"1",1,2,303.1692,7,NA,NA,NA,NA,NA
"473",16,1,7,NA,"1",1,2,306.125,5,NA,NA,NA,NA,NA
"474",16,1,7,NA,"1",1,2,306.6095,8,NA,NA,NA,NA,NA
"475",16,1,7,NA,"1",1,2,307.0774,4,NA,NA,NA,NA,NA
"476",16,1,7,NA,"1",1,2,307.0934,3,NA,NA,NA,NA,NA
"477",16,1,7,NA,"1",1,1,307.5269,NA,NA,NA,NA,NA,NA
"478",16,1,7,NA,"1",2,1,308.0298,NA,NA,NA,NA,NA,NA
"479",16,1,7,1,"1",2,3,309.0465,5,25,5,1,NA,NA
"480",16,1,7,1,"1",2,1,309.0487,NA,NA,NA,NA,NA,NA
"481",16,1,7,1,"1",2,4,310.7441,5,25,5,1,1,TRUE
"482",16,1,7,2,"1",2,3,312.5696,6,22,6,1,NA,NA
"483",16,1,7,2,"1",2,1,312.5718,NA,NA,NA,NA,NA,NA
"484",16,1,7,2,"1",2,4,314.6107,6,22,6,1,1,TRUE
"485",16,1,7,3,"1",2,3,316.0926,7,36,1,0,NA,NA
"486",16,1,7,3,"1",2,1,316.0949,NA,NA,NA,NA,NA,NA
"487",16,1,7,3,"1",2,4,317.742,7,36,1,0,0,TRUE
"488",16,1,7,4,"1",2,3,319.6157,4,23,4,1,NA,NA
"489",16,1,7,4,"1",2,1,319.6179,NA,NA,NA,NA,NA,NA
"490",16,1,7,4,"1",2,4,321.099,4,23,4,1,0,FALSE
"491",16,1,7,5,"1",2,3,323.1387,1,26,3,0,NA,NA
"492",16,1,7,5,"1",2,1,323.1409,NA,NA,NA,NA,NA,NA
"493",16,1,7,5,"1",2,4,324.8627,1,26,3,0,0,TRUE
"494",16,1,7,6,"1",2,3,326.6617,3,13,7,0,NA,NA
"495",16,1,7,6,"1",2,1,326.6639,NA,NA,NA,NA,NA,NA
"496",16,1,7,6,"1",2,4,328.1002,3,13,7,0,0,TRUE
"497",16,2,NA,NA,"2",NA,1,330.9796,NA,NA,NA,NA,NA,NA
"498",16,2,1,NA,"2",1,1,332.4891,NA,NA,NA,NA,NA,NA
"499",16,2,1,NA,"2",1,2,339.8691,3,NA,NA,NA,NA,NA
"500",16,2,1,NA,"2",1,2,341.372,3,NA,NA,NA,NA,NA
"501",16,2,1,NA,"2",1,2,341.8736,4,NA,NA,NA,NA,NA
"502",16,2,1,NA,"2",1,2,342.7077,2,NA,NA,NA,NA,NA
"503",16,2,1,NA,"2",1,2,343.0093,1,NA,NA,NA,NA,NA
"504",16,2,1,NA,"2",1,2,344.3106,3,NA,NA,NA,NA,NA
"505",16,2,1,NA,"2",1,2,344.6623,4,NA,NA,NA,NA,NA
"506",16,2,1,NA,"2",1,2,345.496,2,NA,NA,NA,NA,NA
"507",16,2,1,NA,"2",1,2,345.7809,1,NA,NA,NA,NA,NA
"508",16,2,1,NA,"2",1,2,347.1658,7,NA,NA,NA,NA,NA
"509",16,2,1,NA,"2",1,2,347.5672,6,NA,NA,NA,NA,NA
"510",16,2,1,NA,"2",1,2,348.1676,7,NA,NA,NA,NA,NA
"511",16,2,1,NA,"2",1,2,348.6031,6,NA,NA,NA,NA,NA
"512",16,2,1,NA,"2",1,2,349.8039,5,NA,NA,NA,NA,NA
"513",16,2,1,NA,"2",1,2,350.1727,8,NA,NA,NA,NA,NA
"514",16,2,1,NA,"2",1,2,350.8558,5,NA,NA,NA,NA,NA
"515",16,2,1,NA,"2",1,2,351.2908,8,NA,NA,NA,NA,NA
"516",16,2,1,NA,"2",1,2,351.9244,7,NA,NA,NA,NA,NA
"517",16,2,1,NA,"2",1,2,352.2598,6,NA,NA,NA,NA,NA
"518",16,2,1,NA,"2",1,2,352.993,6,NA,NA,NA,NA,NA
"519",16,2,1,NA,"2",1,2,353.8612,7,NA,NA,NA,NA,NA
"520",16,2,1,NA,"2",1,2,354.2126,6,NA,NA,NA,NA,NA
"521",16,2,1,NA,"2",1,2,355.0634,7,NA,NA,NA,NA,NA
"522",16,2,1,NA,"2",1,2,357.7516,5,NA,NA,NA,NA,NA
"523",16,2,1,NA,"2",1,2,358.2364,8,NA,NA,NA,NA,NA
"524",16,2,1,NA,"2",1,2,358.6376,4,NA,NA,NA,NA,NA
"525",16,2,1,NA,"2",1,2,358.6534,3,NA,NA,NA,NA,NA
"526",16,2,1,NA,"2",1,1,359.0873,NA,NA,NA,NA,NA,NA
"527",16,2,1,NA,"2",2,1,359.5913,NA,NA,NA,NA,NA,NA
"528",16,2,1,1,"2",2,3,360.6068,6,10,6,1,NA,NA
"529",16,2,1,1,"2",2,1,360.6091,NA,NA,NA,NA,NA,NA
"530",16,2,1,1,"2",2,4,362.1695,6,10,6,1,0,FALSE
"531",16,2,1,2,"2",2,3,364.1298,8,3,8,1,NA,NA
"532",16,2,1,2,"2",2,1,364.132,NA,NA,NA,NA,NA,NA
"533",16,2,1,2,"2",2,4,365.6501,8,3,8,1,1,TRUE
"534",16,2,1,3,"2",2,3,367.6529,1,39,3,0,NA,NA
"535",16,2,1,3,"2",2,1,367.6551,NA,NA,NA,NA,NA,NA
"536",16,2,1,3,"2",2,4,369.1306,1,39,3,0,1,FALSE
"537",16,2,1,4,"2",2,3,371.176,3,13,7,0,NA,NA
"538",16,2,1,4,"2",2,1,371.1782,NA,NA,NA,NA,NA,NA
"539",16,2,1,4,"2",2,4,373.6817,3,13,7,0,NA,NA
"540",16,2,1,5,"2",2,3,374.699,2,32,2,1,NA,NA
"541",16,2,1,5,"2",2,1,374.7012,NA,NA,NA,NA,NA,NA
"542",16,2,1,5,"2",2,4,376.6913,2,32,2,1,0,FALSE
"543",16,2,1,6,"2",2,3,378.222,7,36,1,0,NA,NA
"544",16,2,1,6,"2",2,1,378.2243,NA,NA,NA,NA,NA,NA
"545",16,2,1,6,"2",2,4,380.5418,7,36,1,0,0,TRUE
"546",16,2,2,NA,"2",1,1,383.1311,NA,NA,NA,NA,NA,NA
"547",16,2,2,NA,"2",1,2,392.4146,3,NA,NA,NA,NA,NA
"548",16,2,2,NA,"2",1,2,393.4498,3,NA,NA,NA,NA,NA
"549",16,2,2,NA,"2",1,2,393.5512,3,NA,NA,NA,NA,NA
"550",16,2,2,NA,"2",1,2,395.0527,3,NA,NA,NA,NA,NA
"551",16,2,2,NA,"2",1,2,396.2215,3,NA,NA,NA,NA,NA
"552",16,2,2,NA,"2",1,2,396.3054,3,NA,NA,NA,NA,NA
"553",16,2,2,NA,"2",1,2,397.6407,3,NA,NA,NA,NA,NA
"554",16,2,2,NA,"2",1,2,398.7929,4,NA,NA,NA,NA,NA
"555",16,2,2,NA,"2",1,2,400.0451,3,NA,NA,NA,NA,NA
"556",16,2,2,NA,"2",1,2,401.1138,4,NA,NA,NA,NA,NA
"557",16,2,2,NA,"2",1,2,402.4496,1,NA,NA,NA,NA,NA
"558",16,2,2,NA,"2",1,2,403.2176,2,NA,NA,NA,NA,NA
"559",16,2,2,NA,"2",1,2,403.969,1,NA,NA,NA,NA,NA
"560",16,2,2,NA,"2",1,2,404.9708,2,NA,NA,NA,NA,NA
"561",16,2,2,NA,"2",1,2,406.2063,3,NA,NA,NA,NA,NA
"562",16,2,2,NA,"2",1,2,406.8575,4,NA,NA,NA,NA,NA
"563",16,2,2,NA,"2",1,2,407.492,1,NA,NA,NA,NA,NA
"564",16,2,2,NA,"2",1,2,409.7962,2,NA,NA,NA,NA,NA
"565",16,2,2,NA,"2",1,1,410.5808,NA,NA,NA,NA,NA,NA
"566",16,2,2,NA,"2",2,1,411.0836,NA,NA,NA,NA,NA,NA
"567",16,2,2,1,"2",2,3,412.1003,4,7,4,1,NA,NA
"568",16,2,2,1,"2",2,1,412.1026,NA,NA,NA,NA,NA,NA
"569",16,2,2,1,"2",2,4,413.572,4,7,4,1,1,TRUE
"570",16,2,2,2,"2",2,3,415.6234,8,8,8,1,NA,NA
"571",16,2,2,2,"2",2,1,415.6257,NA,NA,NA,NA,NA,NA
"572",16,2,2,2,"2",2,4,417.079,8,8,8,1,0,FALSE
"573",16,2,2,3,"2",2,3,419.1464,2,1,2,1,NA,NA
"574",16,2,2,3,"2",2,1,419.1487,NA,NA,NA,NA,NA,NA
"575",16,2,2,3,"2",2,4,420.7094,2,1,2,1,1,TRUE
"576",16,2,2,4,"2",2,3,422.6695,7,6,6,0,NA,NA
"577",16,2,2,4,"2",2,1,422.6718,NA,NA,NA,NA,NA,NA
"578",16,2,2,4,"2",2,4,424.7626,7,6,6,0,0,TRUE
"579",16,2,2,5,"2",2,3,426.1925,6,39,3,0,NA,NA
"580",16,2,2,5,"2",2,1,426.1947,NA,NA,NA,NA,NA,NA
"581",16,2,2,5,"2",2,4,427.6132,6,39,3,0,0,TRUE
"582",16,2,2,6,"2",2,3,429.699,3,31,7,0,NA,NA
"583",16,2,2,6,"2",2,1,429.7012,NA,NA,NA,NA,NA,NA
"584",16,2,2,6,"2",2,4,431.1779,3,31,7,0,0,TRUE
"585",16,2,3,NA,"2",1,1,434.9585,NA,NA,NA,NA,NA,NA
"586",16,2,3,NA,"2",1,2,443.8414,3,NA,NA,NA,NA,NA
"587",16,2,3,NA,"2",1,2,445.3441,3,NA,NA,NA,NA,NA
"588",16,2,3,NA,"2",1,2,445.845,4,NA,NA,NA,NA,NA
"589",16,2,3,NA,"2",1,2,446.6798,2,NA,NA,NA,NA,NA
"590",16,2,3,NA,"2",1,2,446.981,1,NA,NA,NA,NA,NA
"591",16,2,3,NA,"2",1,2,448.2828,3,NA,NA,NA,NA,NA
"592",16,2,3,NA,"2",1,2,448.6341,4,NA,NA,NA,NA,NA
"593",16,2,3,NA,"2",1,2,449.4682,2,NA,NA,NA,NA,NA
"594",16,2,3,NA,"2",1,2,449.7524,1,NA,NA,NA,NA,NA
"595",16,2,3,NA,"2",1,2,451.138,7,NA,NA,NA,NA,NA
"596",16,2,3,NA,"2",1,2,451.5387,6,NA,NA,NA,NA,NA
"597",16,2,3,NA,"2",1,2,452.1397,7,NA,NA,NA,NA,NA
"598",16,2,3,NA,"2",1,2,452.5747,6,NA,NA,NA,NA,NA
"599",16,2,3,NA,"2",1,2,453.7761,5,NA,NA,NA,NA,NA
"600",16,2,3,NA,"2",1,2,454.1438,8,NA,NA,NA,NA,NA
"601",16,2,3,NA,"2",1,2,454.828,5,NA,NA,NA,NA,NA
"602",16,2,3,NA,"2",1,2,455.2636,8,NA,NA,NA,NA,NA
"603",16,2,3,NA,"2",1,2,455.8966,7,NA,NA,NA,NA,NA
"604",16,2,3,NA,"2",1,2,456.2314,6,NA,NA,NA,NA,NA
"605",16,2,3,NA,"2",1,2,456.9651,6,NA,NA,NA,NA,NA
"606",16,2,3,NA,"2",1,2,457.8334,7,NA,NA,NA,NA,NA
"607",16,2,3,NA,"2",1,2,458.1843,6,NA,NA,NA,NA,NA
"608",16,2,3,NA,"2",1,2,459.0356,7,NA,NA,NA,NA,NA
"609",16,2,3,NA,"2",1,2,461.7238,5,NA,NA,NA,NA,NA
"610",16,2,3,NA,"2",1,2,462.2088,8,NA,NA,NA,NA,NA
"611",16,2,3,NA,"2",1,2,462.6088,4,NA,NA,NA,NA,NA
"612",16,2,3,NA,"2",1,2,462.6261,3,NA,NA,NA,NA,NA
"613",16,2,3,NA,"2",1,1,463.0594,NA,NA,NA,NA,NA,NA
"614",16,2,3,NA,"2",2,1,463.5622,NA,NA,NA,NA,NA,NA
"615",16,2,3,1,"2",2,3,464.5789,5,17,5,1,NA,NA
"616",16,2,3,1,"2",2,1,464.5812,NA,NA,NA,NA,NA,NA
"617",16,2,3,1,"2",2,4,466.174,5,17,5,1,1,TRUE
"618",16,2,3,2,"2",2,3,468.102,1,9,1,1,NA,NA
"619",16,2,3,2,"2",2,1,468.1042,NA,NA,NA,NA,NA,NA
"620",16,2,3,2,"2",2,4,469.7275,1,9,1,1,1,TRUE
"621",16,2,3,3,"2",2,3,471.625,6,2,4,0,NA,NA
"622",16,2,3,3,"2",2,1,471.6272,NA,NA,NA,NA,NA,NA
"623",16,2,3,3,"2",2,4,473.3859,6,2,4,0,0,TRUE
"624",16,2,3,4,"2",2,3,475.148,2,6,6,0,NA,NA
"625",16,2,3,4,"2",2,1,475.1503,NA,NA,NA,NA,NA,NA
"626",16,2,3,4,"2",2,4,477.351,2,6,6,0,0,TRUE
"627",16,2,3,5,"2",2,3,478.6712,4,5,2,0,NA,NA
"628",16,2,3,5,"2",2,1,478.6735,NA,NA,NA,NA,NA,NA
"629",16,2,3,5,"2",2,4,481.1758,4,5,2,0,NA,NA
"630",16,2,3,6,"2",2,3,482.1943,7,19,7,1,NA,NA
"631",16,2,3,6,"2",2,1,482.1965,NA,NA,NA,NA,NA,NA
"632",16,2,3,6,"2",2,4,483.6487,7,19,7,1,0,FALSE
"633",16,2,4,NA,"2",1,1,487.22,NA,NA,NA,NA,NA,NA
"634",16,2,4,NA,"2",1,2,498.0731,3,NA,NA,NA,NA,NA
"635",16,2,4,NA,"2",1,2,499.1084,3,NA,NA,NA,NA,NA
"636",16,2,4,NA,"2",1,2,499.2099,3,NA,NA,NA,NA,NA
"637",16,2,4,NA,"2",1,2,500.728,3,NA,NA,NA,NA,NA
"638",16,2,4,NA,"2",1,2,501.8968,3,NA,NA,NA,NA,NA
"639",16,2,4,NA,"2",1,2,501.9815,3,NA,NA,NA,NA,NA
"640",16,2,4,NA,"2",1,2,503.316,3,NA,NA,NA,NA,NA
"641",16,2,4,NA,"2",1,2,504.4681,4,NA,NA,NA,NA,NA
"642",16,2,4,NA,"2",1,2,505.7204,3,NA,NA,NA,NA,NA
"643",16,2,4,NA,"2",1,2,506.7889,4,NA,NA,NA,NA,NA
"644",16,2,4,NA,"2",1,2,508.1248,1,NA,NA,NA,NA,NA
"645",16,2,4,NA,"2",1,2,508.8929,2,NA,NA,NA,NA,NA
"646",16,2,4,NA,"2",1,2,509.6442,1,NA,NA,NA,NA,NA
"647",16,2,4,NA,"2",1,2,510.646,2,NA,NA,NA,NA,NA
"648",16,2,4,NA,"2",1,2,511.8815,3,NA,NA,NA,NA,NA
"649",16,2,4,NA,"2",1,2,512.5327,4,NA,NA,NA,NA,NA
"650",16,2,4,NA,"2",1,2,513.1673,1,NA,NA,NA,NA,NA
"651",16,2,4,NA,"2",1,2,515.4714,2,NA,NA,NA,NA,NA
"652",16,2,4,NA,"2",1,1,516.256,NA,NA,NA,NA,NA,NA
"653",16,2,4,NA,"2",2,1,516.7589,NA,NA,NA,NA,NA,NA
"654",16,2,4,1,"2",2,3,517.7755,5,25,5,1,NA,NA
"655",16,2,4,1,"2",2,1,517.7777,NA,NA,NA,NA,NA,NA
"656",16,2,4,1,"2",2,4,519.712,5,25,5,1,0,FALSE
"657",16,2,4,2,"2",2,3,521.2986,1,4,1,1,NA,NA
"658",16,2,4,2,"2",2,1,521.3009,NA,NA,NA,NA,NA,NA
"659",16,2,4,2,"2",2,4,523.0089,1,4,1,1,0,FALSE
"660",16,2,4,3,"2",2,3,524.8217,8,35,7,0,NA,NA
"661",16,2,4,3,"2",2,1,524.8239,NA,NA,NA,NA,NA,NA
"662",16,2,4,3,"2",2,4,526.2959,8,35,7,0,0,TRUE
"663",16,2,4,4,"2",2,3,528.3446,6,10,6,1,NA,NA
"664",16,2,4,4,"2",2,1,528.3469,NA,NA,NA,NA,NA,NA
"665",16,2,4,4,"2",2,4,529.8088,6,10,6,1,0,FALSE
"666",16,2,4,5,"2",2,3,531.8677,4,3,8,0,NA,NA
"667",16,2,4,5,"2",2,1,531.87,NA,NA,NA,NA,NA,NA
"668",16,2,4,5,"2",2,4,533.7989,4,3,8,0,0,TRUE
"669",16,2,4,6,"2",2,3,535.3909,7,11,4,0,NA,NA
"670",16,2,4,6,"2",2,1,535.3932,NA,NA,NA,NA,NA,NA
"671",16,2,4,6,"2",2,4,537.0545,7,11,4,0,0,TRUE
"672",16,2,5,NA,"2",1,1,540.7006,NA,NA,NA,NA,NA,NA
"673",16,2,5,NA,"2",1,2,552.3551,3,NA,NA,NA,NA,NA
"674",16,2,5,NA,"2",1,2,553.624,4,NA,NA,NA,NA,NA
"675",16,2,5,NA,"2",1,2,554.6092,3,NA,NA,NA,NA,NA
"676",16,2,5,NA,"2",1,2,555.4941,4,NA,NA,NA,NA,NA
"677",16,2,5,NA,"2",1,2,558.3326,3,NA,NA,NA,NA,NA
"678",16,2,5,NA,"2",1,2,558.6836,4,NA,NA,NA,NA,NA
"679",16,2,5,NA,"2",1,2,559.4513,4,NA,NA,NA,NA,NA
"680",16,2,5,NA,"2",1,2,560.4865,3,NA,NA,NA,NA,NA
"681",16,2,5,NA,"2",1,2,561.7555,2,NA,NA,NA,NA,NA
"682",16,2,5,NA,"2",1,2,562.3734,1,NA,NA,NA,NA,NA
"683",16,2,5,NA,"2",1,2,563.2081,2,NA,NA,NA,NA,NA
"684",16,2,5,NA,"2",1,2,563.5095,1,NA,NA,NA,NA,NA
"685",16,2,5,NA,"2",1,2,563.8268,4,NA,NA,NA,NA,NA
"686",16,2,5,NA,"2",1,2,563.9107,3,NA,NA,NA,NA,NA
"687",16,2,5,NA,"2",1,2,564.6441,3,NA,NA,NA,NA,NA
"688",16,2,5,NA,"2",1,2,564.9958,4,NA,NA,NA,NA,NA
"689",16,2,5,NA,"2",1,2,565.429,2,NA,NA,NA,NA,NA
"690",16,2,5,NA,"2",1,2,565.697,1,NA,NA,NA,NA,NA
"691",16,2,5,NA,"2",1,2,566.7813,7,NA,NA,NA,NA,NA
"692",16,2,5,NA,"2",1,2,567.6161,6,NA,NA,NA,NA,NA
"693",16,2,5,NA,"2",1,2,568.7682,7,NA,NA,NA,NA,NA
"694",16,2,5,NA,"2",1,2,569.553,6,NA,NA,NA,NA,NA
"695",16,2,5,NA,"2",1,2,570.655,2,NA,NA,NA,NA,NA
"696",16,2,5,NA,"2",1,1,570.7383,NA,NA,NA,NA,NA,NA
"697",16,2,5,NA,"2",2,1,571.2411,NA,NA,NA,NA,NA,NA
"698",16,2,5,1,"2",2,3,572.2579,2,20,1,0,NA,NA
"699",16,2,5,1,"2",2,1,572.2601,NA,NA,NA,NA,NA,NA
"700",16,2,5,1,"2",2,4,574.1034,2,20,1,0,0,TRUE
"701",16,2,5,2,"2",2,3,575.7809,3,32,2,0,NA,NA
"702",16,2,5,2,"2",2,1,575.7831,NA,NA,NA,NA,NA,NA
"703",16,2,5,2,"2",2,4,578.1966,3,32,2,0,0,TRUE
"704",16,2,5,3,"2",2,3,579.3039,4,2,4,1,NA,NA
"705",16,2,5,3,"2",2,1,579.3063,NA,NA,NA,NA,NA,NA
"706",16,2,5,3,"2",2,4,581.1504,4,2,4,1,0,FALSE
"707",16,2,5,4,"2",2,3,582.827,1,12,3,0,NA,NA
"708",16,2,5,4,"2",2,1,582.8293,NA,NA,NA,NA,NA,NA
"709",16,2,5,4,"2",2,4,584.6989,1,12,3,0,0,TRUE
"710",16,2,5,5,"2",2,3,586.35,5,17,5,1,NA,NA
"711",16,2,5,5,"2",2,1,586.3522,NA,NA,NA,NA,NA,NA
"712",16,2,5,5,"2",2,4,587.835,5,17,5,1,1,TRUE
"713",16,2,5,6,"2",2,3,589.8731,7,31,7,1,NA,NA
"714",16,2,5,6,"2",2,1,589.8753,NA,NA,NA,NA,NA,NA
"715",16,2,5,6,"2",2,4,591.7492,7,31,7,1,1,TRUE
"716",16,2,6,NA,"2",1,1,595.6837,NA,NA,NA,NA,NA,NA
"717",16,2,6,NA,"2",1,2,610.711,2,NA,NA,NA,NA,NA
"718",16,2,6,NA,"2",1,2,612.3139,6,NA,NA,NA,NA,NA
"719",16,2,6,NA,"2",1,2,612.3316,3,NA,NA,NA,NA,NA
"720",16,2,6,NA,"2",1,2,613.7332,2,NA,NA,NA,NA,NA
"721",16,2,6,NA,"2",1,2,615.1025,1,NA,NA,NA,NA,NA
"722",16,2,6,NA,"2",1,2,616.4715,2,NA,NA,NA,NA,NA
"723",16,2,6,NA,"2",1,2,617.7906,1,NA,NA,NA,NA,NA
"724",16,2,6,NA,"2",1,2,622.2988,1,NA,NA,NA,NA,NA
"725",16,2,6,NA,"2",1,2,623.2338,2,NA,NA,NA,NA,NA
"726",16,2,6,NA,"2",1,2,624.4193,1,NA,NA,NA,NA,NA
"727",16,2,6,NA,"2",1,2,625.2208,2,NA,NA,NA,NA,NA
"728",16,2,6,NA,"2",1,2,626.2726,4,NA,NA,NA,NA,NA
"729",16,2,6,NA,"2",1,1,626.3059,NA,NA,NA,NA,NA,NA
"730",16,2,6,NA,"2",2,1,626.8098,NA,NA,NA,NA,NA,NA
"731",16,2,6,1,"2",2,3,627.8254,8,16,8,1,NA,NA
"732",16,2,6,1,"2",2,1,627.8277,NA,NA,NA,NA,NA,NA
"733",16,2,6,1,"2",2,4,629.3845,8,16,8,1,1,TRUE
"734",16,2,6,2,"2",2,3,631.3484,6,6,6,1,NA,NA
"735",16,2,6,2,"2",2,1,631.3506,NA,NA,NA,NA,NA,NA
"736",16,2,6,2,"2",2,4,632.8529,6,6,6,1,0,FALSE
"737",16,2,6,3,"2",2,3,634.8715,3,26,3,1,NA,NA
"738",16,2,6,3,"2",2,1,634.8737,NA,NA,NA,NA,NA,NA
"739",16,2,6,3,"2",2,4,636.3262,3,26,3,1,1,TRUE
"740",16,2,6,4,"2",2,3,638.3946,4,21,2,0,NA,NA
"741",16,2,6,4,"2",2,1,638.3969,NA,NA,NA,NA,NA,NA
"742",16,2,6,4,"2",2,4,639.8944,4,21,2,0,0,TRUE
"743",16,2,6,5,"2",2,3,641.9176,1,23,4,0,NA,NA
"744",16,2,6,5,"2",2,1,641.9198,NA,NA,NA,NA,NA,NA
"745",16,2,6,5,"2",2,4,643.4017,1,23,4,0,1,FALSE
"746",16,2,6,6,"2",2,3,645.4407,2,4,1,0,NA,NA
"747",16,2,6,6,"2",2,1,645.4429,NA,NA,NA,NA,NA,NA
"748",16,2,6,6,"2",2,4,647.1712,2,4,1,0,1,FALSE
"749",16,2,7,NA,"2",1,1,650.2495,NA,NA,NA,NA,NA,NA
"750",16,2,7,NA,"2",1,2,666.1117,2,NA,NA,NA,NA,NA
"751",16,2,7,NA,"2",1,2,667.7146,6,NA,NA,NA,NA,NA
"752",16,2,7,NA,"2",1,2,667.7321,3,NA,NA,NA,NA,NA
"753",16,2,7,NA,"2",1,2,669.1338,2,NA,NA,NA,NA,NA
"754",16,2,7,NA,"2",1,2,670.503,1,NA,NA,NA,NA,NA
"755",16,2,7,NA,"2",1,2,671.8722,2,NA,NA,NA,NA,NA
"756",16,2,7,NA,"2",1,2,673.1912,1,NA,NA,NA,NA,NA
"757",16,2,7,NA,"2",1,2,677.6994,1,NA,NA,NA,NA,NA
"758",16,2,7,NA,"2",1,2,678.6344,2,NA,NA,NA,NA,NA
"759",16,2,7,NA,"2",1,2,679.8199,1,NA,NA,NA,NA,NA
"760",16,2,7,NA,"2",1,2,680.6214,2,NA,NA,NA,NA,NA
"761",16,2,7,NA,"2",1,2,681.6733,4,NA,NA,NA,NA,NA
"762",16,2,7,NA,"2",1,1,681.7065,NA,NA,NA,NA,NA,NA
"763",16,2,7,NA,"2",2,1,682.2093,NA,NA,NA,NA,NA,NA
"764",16,2,7,1,"2",2,3,683.2259,3,30,3,1,NA,NA
"765",16,2,7,1,"2",2,1,683.2282,NA,NA,NA,NA,NA,NA
"766",16,2,7,1,"2",2,4,684.9384,3,30,3,1,1,TRUE
"767",16,2,7,2,"2",2,3,686.749,2,32,2,1,NA,NA
"768",16,2,7,2,"2",2,1,686.7513,NA,NA,NA,NA,NA,NA
"769",16,2,7,2,"2",2,4,688.2899,2,32,2,1,1,TRUE
"770",16,2,7,3,"2",2,3,690.2721,7,35,7,1,NA,NA
"771",16,2,7,3,"2",2,1,690.2743,NA,NA,NA,NA,NA,NA
"772",16,2,7,3,"2",2,4,691.77,7,35,7,1,1,TRUE
"773",16,2,7,4,"2",2,3,693.7951,5,16,8,0,NA,NA
"774",16,2,7,4,"2",2,1,693.7974,NA,NA,NA,NA,NA,NA
"775",16,2,7,4,"2",2,4,695.3653,5,16,8,0,1,FALSE
"776",16,2,7,5,"2",2,3,697.3184,8,10,6,0,NA,NA
"777",16,2,7,5,"2",2,1,697.3211,NA,NA,NA,NA,NA,NA
"778",16,2,7,5,"2",2,4,698.8566,8,10,6,0,1,FALSE
"779",16,2,7,6,"2",2,3,700.8413,6,38,5,0,NA,NA
"780",16,2,7,6,"2",2,1,700.8436,NA,NA,NA,NA,NA,NA
"781",16,2,7,6,"2",2,4,702.3391,6,38,5,0,1,FALSE
